{
  "pre_trained": {
    "model_name": "Pre-trained CLIP",
    "accuracy": 0.14791666666666667,
    "precision": 0.726553454458413,
    "recall": 0.14791666666666667,
    "f1": 0.20790298526913256,
    "avg_confidence": 0.5576649308204651,
    "per_class_metrics": {
      "defects": [
        "back panel damaging",
        "battery swelling",
        "broken hinge",
        "button damage",
        "camera defect",
        "charging port issue",
        "cracked screen",
        "display flickering",
        "keyboard malfunction",
        "normal device",
        "screen scratch",
        "water damage"
      ],
      "precision": [
        0.8571428571428571,
        0.16666666666666666,
        0.0035087719298245615,
        0.0,
        0.043478260869565216,
        0.0,
        0.8235294117647058,
        0.058823529411764705,
        1.0,
        0.18181818181818182,
        0.23076923076923078,
        0.25
      ],
      "recall": [
        0.1299638989169675,
        0.3076923076923077,
        1.0,
        0.0,
        0.5,
        0.0,
        0.2916666666666667,
        0.2,
        0.017241379310344827,
        0.09090909090909091,
        0.3103448275862069,
        1.0
      ],
      "f1": [
        0.225705329153605,
        0.21621621621621623,
        0.006993006993006993,
        0.0,
        0.08,
        0.0,
        0.4307692307692308,
        0.0909090909090909,
        0.03389830508474576,
        0.12121212121212123,
        0.2647058823529412,
        0.4
      ],
      "support": [
        277,
        13,
        1,
        1,
        2,
        18,
        48,
        10,
        58,
        22,
        29,
        1
      ]
    }
  },
  "fine_tuned": {
    "model_name": "Fine-tuned CLIP",
    "accuracy": 0.6895833333333333,
    "precision": 0.7883589508562586,
    "recall": 0.6895833333333333,
    "f1": 0.7228772788176657,
    "avg_confidence": 0.7373924255371094,
    "per_class_metrics": {
      "defects": [
        "back panel damaging",
        "battery swelling",
        "broken hinge",
        "button damage",
        "camera defect",
        "charging port issue",
        "cracked screen",
        "display flickering",
        "keyboard malfunction",
        "normal device",
        "screen scratch",
        "water damage"
      ],
      "precision": [
        0.9569377990430622,
        0.30434782608695654,
        0.3333333333333333,
        0.3333333333333333,
        0.0,
        0.4411764705882353,
        0.7954545454545454,
        0.23529411764705882,
        0.7586206896551724,
        0.34285714285714286,
        0.2972972972972973,
        0.07692307692307693
      ],
      "recall": [
        0.7220216606498195,
        0.5384615384615384,
        1.0,
        1.0,
        0.0,
        0.8333333333333334,
        0.7291666666666666,
        0.4,
        0.7586206896551724,
        0.5454545454545454,
        0.3793103448275862,
        1.0
      ],
      "f1": [
        0.823045267489712,
        0.3888888888888889,
        0.5,
        0.5,
        0.0,
        0.576923076923077,
        0.7608695652173914,
        0.29629629629629634,
        0.7586206896551724,
        0.42105263157894735,
        0.33333333333333337,
        0.14285714285714288
      ],
      "support": [
        277,
        13,
        1,
        1,
        2,
        18,
        48,
        10,
        58,
        22,
        29,
        1
      ]
    }
  },
  "improvements": {
    "accuracy": 366.1971830985915,
    "precision": 8.50666885121572,
    "recall": 366.1971830985915,
    "f1": 247.6993261457471,
    "avg_confidence": 32.22858011722565
  }
}